Workbook

Sheet Personel Listesi
A1: Sıra No | C1: Adı | D1: Soyadı | E1: Birimi | F1: Görevi | G1: İşe Başlama Tarihi | H1: Cinsiyeti | I1: Yaşı | J1: Günlük Ücreti
A2: 1 | B2: =CONCATENATE(C2," ",D2) -> Ahmet Yavuz | C2: Ahmet | D2: Yavuz | E2: Üretim | F2: Montaj | G2: 35829 | H2: Erkek | I2: 52 | J2: 120
A3: 2 | B3: =CONCATENATE(C3," ",D3) -> Aslı Kara | C3: Aslı | D3: Kara | E3: Teknik Ofis | F3: Teknik Ressam | G3: 36715 | H3: Kadın | I3: 49 | J3: 115
A4: 3 | B4: =CONCATENATE(C4," ",D4) -> Akif Karaca | C4: Akif | D4: Karaca | E4: Satınalma | F4: Teklif Talep | G4: 37876 | H4: Erkek | I4: 52 | J4: 180
A5: 4 | B5: =CONCATENATE(C5," ",D5) -> Ayça Karakuzu | C5: Ayça | D5: Karakuzu | E5: Üretim | F5: Kaynak | G5: 38944 | H5: Kadın | I5: 48 | J5: 130
A6: 5 | B6: =CONCATENATE(C6," ",D6) -> Zeynep Yılmaz | C6: Zeynep | D6: Yılmaz | E6: Üretim | F6: Sevkiyat | G6: 40166 | H6: Kadın | I6: 45 | J6: 145
A7: 6 | B7: =CONCATENATE(C7," ",D7) -> Gaye Tansel | C7: Gaye | D7: Tansel | E7: Satınalma | F7: Raporlama | G7: 40258 | H7: Kadın | I7: 38 | J7: 178
A8: 7 | B8: =CONCATENATE(C8," ",D8) -> Burak Sarkım | C8: Burak | D8: Sarkım | E8: Teknik Ofis | F8: Otomasyon Sorumlusu | G8: 40409 | H8: Erkek | I8: 42 | J8: 140
A9: 8 | B9: =CONCATENATE(C9," ",D9) -> Burcu Yılmaz | C9: Burcu | D9: Yılmaz | E9: Üretim | F9: Montaj | G9: 40577 | H9: Kadın | I9: 45 | J9: 120
A10: 9 | B10: =CONCATENATE(C10," ",D10) -> Kasım Deniz | C10: Kasım | D10: Deniz | E10: Üretim | F10: Kaynak | G10: 40745 | H10: Erkek | I10: 32 | J10: 130
A11: 10 | B11: =CONCATENATE(C11," ",D11) -> Ahmet Altunkaya | C11: Ahmet | D11: Altunkaya | E11: Muhasebe | F11: Veri Girişi | G11: 40913 | H11: Kadın | I11: 35 | J11: 125
A12: 11 | B12: =CONCATENATE(C12," ",D12) -> Rıza Sönmez | C12: Rıza | D12: Sönmez | E12: Satınalma | F12: Teklif Talep | G12: 41081 | H12: Erkek | I12: 33 | J12: 130
A13: 12 | B13: =CONCATENATE(C13," ",D13) -> Yaşam Er | C13: Yaşam | D13: Er | E13: Üretim | F13: Montaj | G13: 41249 | H13: Kadın | I13: 29 | J13: 180
... A22: 21 | B22: =CONCATENATE(C22," ",D22) -> Emine Karahan | C22: Emine | D22: Karahan | E22: Üretim | F22: Üretim Sorumlusu | G22: 42761 | H22: Kadın | I22: 27 | J22: 105

Sheet Puantaj Programı Oluşturmak
D1: Yıl Seçiniz | F1: 2021 | G1: Çalışıyor | H1: Ç | K1: Raporlu | N1: R | Q1: Ücretsiz İzin | T1: Üİ
D2: Ay Seçiniz | F2: 44228 | G2: Yıllık İzinli | H2: Yİ | K2: Resmi Tatil | N2: RT
H3: =MONTH(H5) -> 2 | I3: =MONTH(I5) -> 2 | J3: =MONTH(J5) -> 2 | K3: =MONTH(K5) -> 2 | L3: =MONTH(L5) -> 2 | M3: =MONTH(M5) -> 2 | N3: =MONTH(N5) -> 2 | O3: =MONTH(O5) -> 2 | ... AL3: =MONTH(AL5) -> 3
H4: =WEEKDAY(H5,2) -> 1 | I4: =WEEKDAY(I5,2) -> 2 | J4: =WEEKDAY(J5,2) -> 3 | K4: =WEEKDAY(K5,2) -> 4 | L4: =WEEKDAY(L5,2) -> 5 | M4: =WEEKDAY(M5,2) -> 6 | N4: =WEEKDAY(N5,2) -> 7 | O4: =WEEKDAY(O5,2) -> 1 | ... AL4: =WEEKDAY(AL5,2) -> 3
D5: Personel Adı | F5: Birimi | H5: =F2 -> 44228 | I5: =H5+1 -> 44229 | J5: =I5+1 -> 44230 | K5: =J5+1 -> 44231 | L5: =K5+1 -> 44232 | M5: =L5+1 -> 44233 | N5: =M5+1 -> 44234 | O5: =N5+1 -> 44235 | P5: =O5+1 -> 44236 | ... AL5: =AK5+1 -> 44258 | AM5: Toplam Haftasonu Gün Sayısı | AN5: Toplam Çalıştığı Gün Sayısı | AO5: Toplam Yıllık İzinli | AP5: Toplam Raporlu Gün Sayısı | AQ5: Toplam Resmi Tatil Gün Sayısı | AR5: Toplam Ücrestsiz İzinli Gün Gün Sayısı | AS5: Hak Edilen Tutar
D9: =CONCATENATE('Personel Listesi'!C2," ",'Personel Listesi'!D2) -> Ahmet Yavuz | F9: Üretim | H9: Yİ | I9: Yİ | J9: Yİ | K9: Ç | L9: Ç | M9: Ç | O9: Ç | P9: Ç | Q9: Ç | R9: Ç | S9: Ç | T9: Üİ | V9: R | W9: R | X9: RT | Y9: R | Z9: Yİ | AA9: Yİ | AC9: Ç | AD9: Ç | AE9: Ç | AF9: Ç | AG9: Ç | AH9: Ç | AM9: =COUNTIFS($H$3:$AL$3,MONTH($F$2),$H$4:$AL$4,"=7") -> 4 | AN9: =COUNTIF(H9:AL9,$H$1) -> 14 | AO9: =COUNTIF(H9:AL9,$H$2) -> 5 | AP9: =COUNTIF(H9:AL9,$N$1) -> 3 | AQ9: =COUNTIF(H9:AL9,$N$2) -> 1 | AR9: =COUNTIF(H9:AL9,$T$1) -> 1 | AS9: =VLOOKUP(D9,'Personel Listesi'!B2:J22,9,0)*((SUM(AM9,AN9,AO9,AQ9)-SUM(AP9,AR9))) -> 2400
D10: =CONCATENATE('Personel Listesi'!C3," ",'Personel Listesi'!D3) -> Aslı Kara | F10: Teknik Ofis | H10: Yİ | I10: Ç | J10: Ç | K10: Ç | L10: Ç | M10: Ç | O10: Yİ | P10: Ç | Q10: Ç | R10: Ç | S10: Ç | T10: Üİ | V10: R | W10: Yİ | X10: RT | Y10: Yİ | Z10: Yİ | AA10: Yİ | AC10: Ç | AD10: Ç | AE10: Yİ | AF10: Ç | AG10: Ç | AH10: Ç | AM10: =COUNTIFS($H$3:$AL$3,MONTH($F$2),$H$4:$AL$4,"=7") -> 4 | AN10: =COUNTIF(H10:AL10,$H$1) -> 14 | AO10: =COUNTIF(H10:AL10,$H$2) -> 7 | AP10: =COUNTIF(H10:AL10,$N$1) -> 1 | AQ10: =COUNTIF(H10:AL10,$N$2) -> 1 | AR10: =COUNTIF(H10:AL10,$T$1) -> 1 | AS10: =VLOOKUP(D10,'Personel Listesi'!B3:J23,9,0)*((SUM(AM10,AN10,AO10,AQ10)-SUM(AP10,AR10))) -> 2760
D11: =CONCATENATE('Personel Listesi'!C4," ",'Personel Listesi'!D4) -> Akif Karaca | F11: Satınalma | H11: Yİ | I11: Ç | J11: Ç | K11: Ç | L11: Ç | M11: Ç | O11: Yİ | P11: Ç | Q11: Ç | R11: Ç | S11: Ç | T11: Üİ | V11: R | W11: Yİ | X11: RT | Y11: Yİ | Z11: Yİ | AA11: Yİ | AC11: Ç | AD11: Ç | AE11: Yİ | AF11: Ç | AG11: Ç | AH11: Ç | AM11: =COUNTIFS($H$3:$AL$3,MONTH($F$2),$H$4:$AL$4,"=7") -> 4 | AN11: =COUNTIF(H11:AL11,$H$1) -> 14 | AO11: =COUNTIF(H11:AL11,$H$2) -> 7 | AP11: =COUNTIF(H11:AL11,$N$1) -> 1 | AQ11: =COUNTIF(H11:AL11,$N$2) -> 1 | AR11: =COUNTIF(H11:AL11,$T$1) -> 1 | AS11: =VLOOKUP(D11,'Personel Listesi'!B4:J24,9,0)*((SUM(AM11,AN11,AO11,AQ11)-SUM(AP11,AR11))) -> 4320
D12: =CONCATENATE('Personel Listesi'!C5," ",'Personel Listesi'!D5) -> Ayça Karakuzu | F12: Üretim | H12: Yİ | I12: Ç | J12: Ç | K12: Ç | L12: Ç | M12: Ç | O12: Yİ | P12: Ç | Q12: Ç | R12: Ç | S12: Ç | T12: Üİ | V12: R | W12: Yİ | X12: RT | Y12: Yİ | Z12: Yİ | AA12: Yİ | AC12: Ç | AD12: Ç | AE12: Yİ | AF12: Ç | AG12: Ç | AH12: Ç | AM12: =COUNTIFS($H$3:$AL$3,MONTH($F$2),$H$4:$AL$4,"=7") -> 4 | AN12: =COUNTIF(H12:AL12,$H$1) -> 14 | AO12: =COUNTIF(H12:AL12,$H$2) -> 7 | AP12: =COUNTIF(H12:AL12,$N$1) -> 1 | AQ12: =COUNTIF(H12:AL12,$N$2) -> 1 | AR12: =COUNTIF(H12:AL12,$T$1) -> 1 | AS12: =VLOOKUP(D12,'Personel Listesi'!B5:J25,9,0)*((SUM(AM12,AN12,AO12,AQ12)-SUM(AP12,AR12))) -> 3120
D13: =CONCATENATE('Personel Listesi'!C6," ",'Personel Listesi'!D6) -> Zeynep Yılmaz | F13: Üretim | H13: Yİ | I13: Ç | J13: Ç | K13: Ç | L13: Ç | M13: Ç | O13: Yİ | P13: Ç | Q13: Ç | R13: Ç | S13: Ç | T13: Üİ | V13: R | W13: Yİ | X13: RT | Y13: Yİ | Z13: Yİ | AA13: Yİ | AC13: Ç | AD13: Ç | AE13: Yİ | AF13: Ç | AG13: Ç | AH13: Ç | AM13: =COUNTIFS($H$3:$AL$3,MONTH($F$2),$H$4:$AL$4,"=7") -> 4 | AN13: =COUNTIF(H13:AL13,$H$1) -> 14 | AO13: =COUNTIF(H13:AL13,$H$2) -> 7 | AP13: =COUNTIF(H13:AL13,$N$1) -> 1 | AQ13: =COUNTIF(H13:AL13,$N$2) -> 1 | AR13: =COUNTIF(H13:AL13,$T$1) -> 1 | AS13: =VLOOKUP(D13,'Personel Listesi'!B6:J26,9,0)*((SUM(AM13,AN13,AO13,AQ13)-SUM(AP13,AR13))) -> 3480
D14: =CONCATENATE('Personel Listesi'!C7," ",'Personel Listesi'!D7) -> Gaye Tansel | F14: Satınalma | H14: Yİ | I14: Ç | J14: Ç | K14: Ç | L14: Ç | M14: Ç | O14: Yİ | P14: Ç | Q14: Ç | R14: Ç | S14: Ç | T14: Üİ | V14: R | W14: Yİ | X14: RT | Y14: Ç | Z14: Yİ | AA14: Yİ | AC14: Ç | AD14: Ç | AE14: Yİ | AF14: Ç | AG14: Ç | AH14: Ç | AM14: =COUNTIFS($H$3:$AL$3,MONTH($F$2),$H$4:$AL$4,"=7") -> 4 | AN14: =COUNTIF(H14:AL14,$H$1) -> 15 | AO14: =COUNTIF(H14:AL14,$H$2) -> 6 | AP14: =COUNTIF(H14:AL14,$N$1) -> 1 | AQ14: =COUNTIF(H14:AL14,$N$2) -> 1 | AR14: =COUNTIF(H14:AL14,$T$1) -> 1 | AS14: =VLOOKUP(D14,'Personel Listesi'!B7:J27,9,0)*((SUM(AM14,AN14,AO14,AQ14)-SUM(AP14,AR14))) -> 4272
D15: =CONCATENATE('Personel Listesi'!C8," ",'Personel Listesi'!D8) -> Burak Sarkım | F15: Teknik Ofis | H15: Yİ | I15: Ç | J15: Ç | K15: Ç | L15: Ç | M15: Ç | O15: Yİ | P15: Ç | Q15: Ç | R15: Ç | S15: Ç | T15: Üİ | V15: R | W15: Yİ | X15: RT | Y15: Ç | Z15: Yİ | AA15: Yİ | AC15: Ç | AD15: Ç | AE15: Üİ | AF15: Ç | AG15: Ç | AH15: Ç | AM15: =COUNTIFS($H$3:$AL$3,MONTH($F$2),$H$4:$AL$4,"=7") -> 4 | AN15: =COUNTIF(H15:AL15,$H$1) -> 15 | AO15: =COUNTIF(H15:AL15,$H$2) -> 5 | AP15: =COUNTIF(H15:AL15,$N$1) -> 1 | AQ15: =COUNTIF(H15:AL15,$N$2) -> 1 | AR15: =COUNTIF(H15:AL15,$T$1) -> 2 | AS15: =VLOOKUP(D15,'Personel Listesi'!B8:J28,9,0)*((SUM(AM15,AN15,AO15,AQ15)-SUM(AP15,AR15))) -> 3080
D16: =CONCATENATE('Personel Listesi'!C9," ",'Personel Listesi'!D9) -> Burcu Yılmaz | F16: Üretim | H16: Yİ | I16: Ç | J16: Ç | K16: Ç | L16: Ç | M16: Ç | O16: Yİ | P16: Ç | Q16: Ç | R16: Ç | S16: Ç | T16: Üİ | V16: R | W16: Ç | X16: RT | Y16: Ç | Z16: Yİ | AA16: Yİ | AC16: Ç | AD16: Ç | AE16: Üİ | AF16: Ç | AG16: Ç | AH16: Ç | AM16: =COUNTIFS($H$3:$AL$3,MONTH($F$2),$H$4:$AL$4,"=7") -> 4 | AN16: =COUNTIF(H16:AL16,$H$1) -> 16 | AO16: =COUNTIF(H16:AL16,$H$2) -> 4 | AP16: =COUNTIF(H16:AL16,$N$1) -> 1 | AQ16: =COUNTIF(H16:AL16,$N$2) -> 1 | AR16: =COUNTIF(H16:AL16,$T$1) -> 2 | AS16: =VLOOKUP(D16,'Personel Listesi'!B9:J29,9,0)*((SUM(AM16,AN16,AO16,AQ16)-SUM(AP16,AR16))) -> 2640
D17: =CONCATENATE('Personel Listesi'!C10," ",'Personel Listesi'!D10) -> Kasım Deniz | F17: Üretim | H17: Yİ | I17: Ç | J17: Ç | K17: Ç | L17: Ç | M17: Ç | O17: Yİ | P17: Ç | Q17: Ç | R17: Ç | S17: Ç | T17: Üİ | V17: R | W17: Ç | X17: RT | Y17: Ç | Z17: Yİ | AA17: Yİ | AC17: Ç | AD17: Ç | AE17: Üİ | AF17: Ç | AG17: Ç | AH17: Ç | AM17: =COUNTIFS($H$3:$AL$3,MONTH($F$2),$H$4:$AL$4,"=7") -> 4 | AN17: =COUNTIF(H17:AL17,$H$1) -> 16 | AO17: =COUNTIF(H17:AL17,$H$2) -> 4 | AP17: =COUNTIF(H17:AL17,$N$1) -> 1 | AQ17: =COUNTIF(H17:AL17,$N$2) -> 1 | AR17: =COUNTIF(H17:AL17,$T$1) -> 2 | AS17: =VLOOKUP(D17,'Personel Listesi'!B10:J30,9,0)*((SUM(AM17,AN17,AO17,AQ17)-SUM(AP17,AR17))) -> 2860
D18: =CONCATENATE('Personel Listesi'!C11," ",'Personel Listesi'!D11) -> Ahmet Altunkaya | F18: Muhasebe | H18: Yİ | I18: Ç | J18: Ç | K18: Ç | L18: Ç | M18: Ç | O18: Yİ | P18: Ç | Q18: Ç | R18: Ç | S18: Ç | T18: Üİ | V18: Ç | W18: Ç | X18: RT | Y18: Ç | Z18: Yİ | AA18: Yİ | AC18: Ç | AD18: Ç | AE18: Üİ | AF18: Ç | AG18: Ç | AH18: Ç | AM18: =COUNTIFS($H$3:$AL$3,MONTH($F$2),$H$4:$AL$4,"=7") -> 4 | AN18: =COUNTIF(H18:AL18,$H$1) -> 17 | AO18: =COUNTIF(H18:AL18,$H$2) -> 4 | AP18: =COUNTIF(H18:AL18,$N$1) -> 0 | AQ18: =COUNTIF(H18:AL18,$N$2) -> 1 | AR18: =COUNTIF(H18:AL18,$T$1) -> 2 | AS18: =VLOOKUP(D18,'Personel Listesi'!B11:J31,9,0)*((SUM(AM18,AN18,AO18,AQ18)-SUM(AP18,AR18))) -> 3000
D19: =CONCATENATE('Personel Listesi'!C12," ",'Personel Listesi'!D12) -> Rıza Sönmez | F19: Satınalma | H19: Yİ | I19: RT | J19: Ç | K19: Ç | L19: Ç | M19: Ç | O19: Yİ | P19: Ç | Q19: Ç | R19: Ç | S19: Ç | T19: Üİ | V19: Ç | W19: Ç | X19: RT | Y19: Ç | Z19: Yİ | AA19: Yİ | AC19: Ç | AD19: Ç | AE19: Üİ | AF19: Ç | AG19: Ç | AH19: Ç | AM19: =COUNTIFS($H$3:$AL$3,MONTH($F$2),$H$4:$AL$4,"=7") -> 4 | AN19: =COUNTIF(H19:AL19,$H$1) -> 16 | AO19: =COUNTIF(H19:AL19,$H$2) -> 4 | AP19: =COUNTIF(H19:AL19,$N$1) -> 0 | AQ19: =COUNTIF(H19:AL19,$N$2) -> 2 | AR19: =COUNTIF(H19:AL19,$T$1) -> 2 | AS19: =VLOOKUP(D19,'Personel Listesi'!B12:J32,9,0)*((SUM(AM19,AN19,AO19,AQ19)-SUM(AP19,AR19))) -> 3120
D20: =CONCATENATE('Personel Listesi'!C13," ",'Personel Listesi'!D13) -> Yaşam Er | F20: Üretim | H20: Yİ | I20: RT | J20: Ç | K20: Ç | L20: Ç | M20: Ç | O20: R | P20: Ç | Q20: Ç | R20: Ç | S20: Ç | T20: Üİ | V20: Ç | W20: Ç | X20: RT | Y20: Ç | Z20: Yİ | AA20: Yİ | AC20: Ç | AD20: Ç | AE20: Ç | AF20: Ç | AG20: Ç | AH20: Ç | AM20: =COUNTIFS($H$3:$AL$3,MONTH($F$2),$H$4:$AL$4,"=7") -> 4 | AN20: =COUNTIF(H20:AL20,$H$1) -> 17 | AO20: =COUNTIF(H20:AL20,$H$2) -> 3 | AP20: =COUNTIF(H20:AL20,$N$1) -> 1 | AQ20: =COUNTIF(H20:AL20,$N$2) -> 2 | AR20: =COUNTIF(H20:AL20,$T$1) -> 1 | AS20: =VLOOKUP(D20,'Personel Listesi'!B13:J33,9,0)*((SUM(AM20,AN20,AO20,AQ20)-SUM(AP20,AR20))) -> 4320
... D29: =CONCATENATE('Personel Listesi'!C22," ",'Personel Listesi'!D22) -> Emine Karahan | F29: Üretim | H29: Yİ | I29: Ç | J29: R | K29: Ç | L29: Ç | M29: Ç | O29: Ç | P29: Ç | Q29: Ç | R29: Ç | S29: Ç | T29: Üİ | V29: Ç | W29: Ç | X29: RT | Y29: Ç | Z29: Yİ | AA29: Yİ | AC29: Ç | AD29: Ç | AE29: Ç | AF29: Ç | AG29: Ç | AH29: Ç | AM29: =COUNTIFS($H$3:$AL$3,MONTH($F$2),$H$4:$AL$4,"=7") -> 4 | AN29: =COUNTIF(H29:AL29,$H$1) -> 18 | AO29: =COUNTIF(H29:AL29,$H$2) -> 3 | AP29: =COUNTIF(H29:AL29,$N$1) -> 1 | AQ29: =COUNTIF(H29:AL29,$N$2) -> 1 | AR29: =COUNTIF(H29:AL29,$T$1) -> 1 | AS29: =VLOOKUP(D29,'Personel Listesi'!B22:J42,9,0)*((SUM(AM29,AN29,AO29,AQ29)-SUM(AP29,AR29))) -> 2520

Sheet Veri
A1: Yıllar | B1: Aylar | C1: Durum
A2: =A3-1 -> 2018 | B2: =DATE('Puantaj Programı Oluşturmak'!F1,1,1) -> 44197 | C2: ='Puantaj Programı Oluşturmak'!H1 -> Ç
A3: =A4-1 -> 2019 | B3: =EDATE(B2,1) -> 44228 | C3: ='Puantaj Programı Oluşturmak'!H2 -> Yİ
A4: =A5-1 -> 2020 | B4: =EDATE(B3,1) -> 44256 | C4: ='Puantaj Programı Oluşturmak'!N1 -> R
A5: =A6-1 -> 2021 | B5: =EDATE(B4,1) -> 44287 | C5: ='Puantaj Programı Oluşturmak'!N2 -> RT
A6: =A7-1 -> 2022 | B6: =EDATE(B5,1) -> 44317 | C6: ='Puantaj Programı Oluşturmak'!T1 -> Üİ
A7: =A8-1 -> 2023 | B7: =EDATE(B6,1) -> 44348
A8: =A9-1 -> 2024 | B8: =EDATE(B7,1) -> 44378
A9: =A10-1 -> 2025 | B9: =EDATE(B8,1) -> 44409
A10: =YEAR(TODAY()) -> 2026 | B10: =EDATE(B9,1) -> 44440
B11: =EDATE(B10,1) -> 44470
B12: =EDATE(B11,1) -> 44501
B13: =EDATE(B12,1) -> 44531
